-- Inserts para tabla producto

INSERT INTO producto (id, nombre, descripcion, precio, stock, fecha_de_creacion, fecha_actualizacion)
VALUES ('99d35b39-3bdc-4668-b071-77e42276f736', 'Item Max 6', 'Descripción detallada del Item Max 6', 484541.88, 81, '2024-04-12', '2024-08-29');
INSERT INTO producto (id, nombre, descripcion, precio, stock, fecha_de_creacion, fecha_actualizacion)
VALUES ('4a2ba740-3a9e-462d-b9f8-458e99366a78', 'Gadget Plus 7', 'Descripción detallada del Gadget Plus 7', 61233.84, 167, '2024-09-10', '2024-09-15');
INSERT INTO producto (id, nombre, descripcion, precio, stock, fecha_de_creacion, fecha_actualizacion)
VALUES ('af97cec1-590f-4daf-ba77-bc766e95e464', 'Item Max 8', 'Descripción detallada del Item Max 8', 297408.94, 54, '2024-03-01', '2024-05-18');
INSERT INTO producto (id, nombre, descripcion, precio, stock, fecha_de_creacion, fecha_actualizacion)
VALUES ('b12086b9-8a87-4782-9f8e-f71d4049d579', 'Producto Pro 9', 'Descripción detallada del Producto Pro 9', 488686.6, 128, '2024-12-23', '2025-04-24');
INSERT INTO producto (id, nombre, descripcion, precio, stock, fecha_de_creacion, fecha_actualizacion)
VALUES ('c3383387-20ba-4c5a-beca-069fb3240623', 'Dispositivo Neo 10', 'Descripción detallada del Dispositivo Neo 10', 443089.56, 34, '2024-06-16', '2024-10-29');
INSERT INTO producto (id, nombre, descripcion, precio, stock, fecha_de_creacion, fecha_actualizacion)
VALUES ('14498916-6e49-49ee-bc83-2ef5d9662a65', 'Objeto Prime 11', 'Descripción detallada del Objeto Prime 11', 168200.45, 13, '2024-04-09', '2024-05-30');
INSERT INTO producto (id, nombre, descripcion, precio, stock, fecha_de_creacion, fecha_actualizacion)
VALUES ('4b17f4d1-92b1-421b-8d0e-60a7f0dd7bde', 'Accesorio X 12', 'Descripción detallada del Accesorio X 12', 349021.84, 157, '2024-12-20', '2025-01-24');
INSERT INTO producto (id, nombre, descripcion, precio, stock, fecha_de_creacion, fecha_actualizacion)
VALUES ('99af691d-82d3-48fe-9ed6-68f66caaa114', 'Accesorio X 13', 'Descripción detallada del Accesorio X 13', 133317.85, 190, '2024-12-26', '2025-03-27');
INSERT INTO producto (id, nombre, descripcion, precio, stock, fecha_de_creacion, fecha_actualizacion)
VALUES ('e80ad8b1-dbb7-4859-98d1-b54df9318392', 'Herramienta Flex 14', 'Descripción detallada del Herramienta Flex 14', 459938.98, 15, '2024-07-09', '2024-09-14');
INSERT INTO producto (id, nombre, descripcion, precio, stock, fecha_de_creacion, fecha_actualizacion)
VALUES ('8f3ad807-058e-4dd9-aa2d-9aeca247ab88', 'Artículo Ultra 15', 'Descripción detallada del Artículo Ultra 15', 443063.02, 144, '2024-07-04', '2024-12-19');
INSERT INTO producto (id, nombre, descripcion, precio, stock, fecha_de_creacion, fecha_actualizacion)
VALUES ('53e1eb5e-e12b-45ac-b76e-786981dea272', 'Herramienta Flex 16', 'Descripción detallada del Herramienta Flex 16', 293407.76, 199, '2024-05-09', '2024-07-17');
INSERT INTO producto (id, nombre, descripcion, precio, stock, fecha_de_creacion, fecha_actualizacion)
VALUES ('709e33d7-d738-4fd0-891c-084b56c2941f', 'Dispositivo Neo 17', 'Descripción detallada del Dispositivo Neo 17', 339365.38, 20, '2024-12-10', '2025-02-19');
INSERT INTO producto (id, nombre, descripcion, precio, stock, fecha_de_creacion, fecha_actualizacion)
VALUES ('f533832b-0a96-4300-b138-480a867d2bcf', 'Elemento Fit 18', 'Descripción detallada del Elemento Fit 18', 35477.05, 69, '2024-10-18', '2025-02-08');
INSERT INTO producto (id, nombre, descripcion, precio, stock, fecha_de_creacion, fecha_actualizacion)
VALUES ('4bfd3d2d-b7a9-4842-aa75-5f717fe08bc8', 'Objeto Prime 19', 'Descripción detallada del Objeto Prime 19', 317433.45, 20, '2024-08-03', '2024-08-04');
INSERT INTO producto (id, nombre, descripcion, precio, stock, fecha_de_creacion, fecha_actualizacion)
VALUES ('793b1ab9-284d-4b68-b76f-02e10d2f0920', 'Objeto Prime 20', 'Descripción detallada del Objeto Prime 20', 66457.92, 113, '2024-01-23', '2024-06-17');
INSERT INTO producto (id, nombre, descripcion, precio, stock, fecha_de_creacion, fecha_actualizacion)
VALUES ('45c0fbdf-90ef-44cd-a8d7-847c1cbca923', 'Herramienta Flex 21', 'Descripción detallada del Herramienta Flex 21', 411118.97, 102, '2024-05-05', '2024-09-14');
INSERT INTO producto (id, nombre, descripcion, precio, stock, fecha_de_creacion, fecha_actualizacion)
VALUES ('882f4779-8fff-4e1a-8891-727892cb44c9', 'Producto Pro 22', 'Descripción detallada del Producto Pro 22', 347977.18, 14, '2024-04-12', '2024-08-16');
INSERT INTO producto (id, nombre, descripcion, precio, stock, fecha_de_creacion, fecha_actualizacion)
VALUES ('653b69e4-064b-4604-84ac-b6cc0a300f85', 'Objeto Prime 23', 'Descripción detallada del Objeto Prime 23', 127900.51, 105, '2024-07-16', '2024-10-28');
INSERT INTO producto (id, nombre, descripcion, precio, stock, fecha_de_creacion, fecha_actualizacion)
VALUES ('6a059c38-8fdb-463a-a6fc-83efda83b4cc', 'Dispositivo Neo 24', 'Descripción detallada del Dispositivo Neo 24', 416455.97, 130, '2024-10-21', '2025-04-01');
INSERT INTO producto (id, nombre, descripcion, precio, stock, fecha_de_creacion, fecha_actualizacion)
VALUES ('89d7f23c-7cc3-4f3d-8412-5a1906ac6090', 'Herramienta Flex 25', 'Descripción detallada del Herramienta Flex 25', 240853.6, 107, '2024-11-01', '2025-04-22');
INSERT INTO producto (id, nombre, descripcion, precio, stock, fecha_de_creacion, fecha_actualizacion)
VALUES ('dfc6dd65-e5a0-4c22-8c38-bbd05120a4ef', 'Artículo Ultra 26', 'Descripción detallada del Artículo Ultra 26', 175405.34, 142, '2024-05-31', '2024-07-15');
INSERT INTO producto (id, nombre, descripcion, precio, stock, fecha_de_creacion, fecha_actualizacion)
VALUES ('81dcb498-760d-4846-b346-f7adedfa75bc', 'Elemento Fit 27', 'Descripción detallada del Elemento Fit 27', 259486.43, 17, '2024-03-13', '2024-06-06');
INSERT INTO producto (id, nombre, descripcion, precio, stock, fecha_de_creacion, fecha_actualizacion)
VALUES ('af16d6d8-7466-41c2-8bdd-eadeb08ceb54', 'Herramienta Flex 28', 'Descripción detallada del Herramienta Flex 28', 377438.54, 35, '2024-04-24', '2024-08-27');
INSERT INTO producto (id, nombre, descripcion, precio, stock, fecha_de_creacion, fecha_actualizacion)
VALUES ('ee7dbcd4-268c-4f9e-8c04-0d528d1e33d8', 'Elemento Fit 29', 'Descripción detallada del Elemento Fit 29', 473667.2, 35, '2024-01-14', '2024-03-07');
INSERT INTO producto (id, nombre, descripcion, precio, stock, fecha_de_creacion, fecha_actualizacion)
VALUES ('82ecc574-56fa-40a0-8291-2d8bc437af2b', 'Producto Pro 30', 'Descripción detallada del Producto Pro 30', 59534.63, 135, '2024-03-09', '2024-07-18');
INSERT INTO producto (id, nombre, descripcion, precio, stock, fecha_de_creacion, fecha_actualizacion)
VALUES ('cffa212a-7cbc-4963-801c-b7cb5279b5fc', 'Dispositivo Neo 31', 'Descripción detallada del Dispositivo Neo 31', 54258.38, 118, '2024-10-21', '2024-10-25');
INSERT INTO producto (id, nombre, descripcion, precio, stock, fecha_de_creacion, fecha_actualizacion)
VALUES ('c6cd6c08-f8da-4d5f-90c9-9b6157d8b973', 'Set Compact 32', 'Descripción detallada del Set Compact 32', 110190.93, 44, '2024-03-29', '2024-07-23');
INSERT INTO producto (id, nombre, descripcion, precio, stock, fecha_de_creacion, fecha_actualizacion)
VALUES ('bbc4a249-178a-4156-8108-b1c3e5a8681e', 'Objeto Prime 33', 'Descripción detallada del Objeto Prime 33', 205769.68, 134, '2024-03-22', '2024-08-08');
INSERT INTO producto (id, nombre, descripcion, precio, stock, fecha_de_creacion, fecha_actualizacion)
VALUES ('00e890e9-04fa-4a17-b186-215e6acb77cc', 'Set Compact 34', 'Descripción detallada del Set Compact 34', 186321.9, 109, '2024-01-22', '2024-02-20');
INSERT INTO producto (id, nombre, descripcion, precio, stock, fecha_de_creacion, fecha_actualizacion)
VALUES ('b9a56ef0-3442-4d00-8dde-dd2476dbe854', 'Objeto Prime 35', 'Descripción detallada del Objeto Prime 35', 413534.62, 118, '2024-12-05', '2025-02-28');
INSERT INTO producto (id, nombre, descripcion, precio, stock, fecha_de_creacion, fecha_actualizacion)
VALUES ('d3611b3f-08ff-42ab-acbc-be0078be88c9', 'Herramienta Flex 36', 'Descripción detallada del Herramienta Flex 36', 133397.37, 34, '2024-02-13', '2024-03-25');
INSERT INTO producto (id, nombre, descripcion, precio, stock, fecha_de_creacion, fecha_actualizacion)
VALUES ('e3478027-63a6-490b-8f32-ef2c1ce37457', 'Set Compact 37', 'Descripción detallada del Set Compact 37', 185433.74, 5, '2024-01-09', '2024-04-30');
INSERT INTO producto (id, nombre, descripcion, precio, stock, fecha_de_creacion, fecha_actualizacion)
VALUES ('9fe9e331-8e41-4798-bf66-3d3c89649c80', 'Accesorio X 38', 'Descripción detallada del Accesorio X 38', 132431.25, 52, '2024-12-15', '2025-06-05');
INSERT INTO producto (id, nombre, descripcion, precio, stock, fecha_de_creacion, fecha_actualizacion)
VALUES ('97106d17-2563-4543-97c6-7c259015286d', 'Set Compact 39', 'Descripción detallada del Set Compact 39', 25232.87, 35, '2024-04-17', '2024-07-30');
INSERT INTO producto (id, nombre, descripcion, precio, stock, fecha_de_creacion, fecha_actualizacion)
VALUES ('eb3f4716-77d4-4037-a204-7e131994a300', 'Artículo Ultra 40', 'Descripción detallada del Artículo Ultra 40', 189262.66, 123, '2024-10-02', '2025-01-30');
INSERT INTO producto (id, nombre, descripcion, precio, stock, fecha_de_creacion, fecha_actualizacion)
VALUES ('d9db90f0-3f23-41fb-8960-8a3e6148913d', 'Gadget Plus 41', 'Descripción detallada del Gadget Plus 41', 205456.42, 83, '2024-05-14', '2024-10-27');
INSERT INTO producto (id, nombre, descripcion, precio, stock, fecha_de_creacion, fecha_actualizacion)
VALUES ('ca0e9b20-ac28-4f3c-89c6-afcfc4ac8262', 'Artículo Ultra 42', 'Descripción detallada del Artículo Ultra 42', 97848.26, 60, '2024-04-21', '2024-04-26');
INSERT INTO producto (id, nombre, descripcion, precio, stock, fecha_de_creacion, fecha_actualizacion)
VALUES ('fc4d6a95-23ef-43ad-b491-708ef4660aeb', 'Item Max 43', 'Descripción detallada del Item Max 43', 236113.02, 137, '2024-10-07', '2025-03-16');
INSERT INTO producto (id, nombre, descripcion, precio, stock, fecha_de_creacion, fecha_actualizacion)
VALUES ('994a6ff7-1efc-427a-ae71-697ee06cc59e', 'Herramienta Flex 44', 'Descripción detallada del Herramienta Flex 44', 123531.32, 142, '2024-12-26', '2025-05-26');
INSERT INTO producto (id, nombre, descripcion, precio, stock, fecha_de_creacion, fecha_actualizacion)
VALUES ('8e10f6a8-5195-4f93-b594-6ba3b8cc4b73', 'Herramienta Flex 45', 'Descripción detallada del Herramienta Flex 45', 439057.39, 12, '2024-07-02', '2024-08-17');
INSERT INTO producto (id, nombre, descripcion, precio, stock, fecha_de_creacion, fecha_actualizacion)
VALUES ('cb61191d-2d89-4702-ae05-a4b5280aca69', 'Dispositivo Neo 46', 'Descripción detallada del Dispositivo Neo 46', 335835.06, 95, '2024-05-08', '2024-07-21');
INSERT INTO producto (id, nombre, descripcion, precio, stock, fecha_de_creacion, fecha_actualizacion)
VALUES ('9145beac-d6f7-4634-aeb2-bbdccc3ff8f2', 'Gadget Plus 47', 'Descripción detallada del Gadget Plus 47', 120227.53, 197, '2024-10-08', '2025-02-23');
INSERT INTO producto (id, nombre, descripcion, precio, stock, fecha_de_creacion, fecha_actualizacion)
VALUES ('700d30d7-4ec4-4c47-81bc-205437676b21', 'Herramienta Flex 48', 'Descripción detallada del Herramienta Flex 48', 287816.55, 168, '2024-03-02', '2024-07-08');
INSERT INTO producto (id, nombre, descripcion, precio, stock, fecha_de_creacion, fecha_actualizacion)
VALUES ('671ce611-d264-4cc4-8702-2a6e830f098f', 'Producto Pro 49', 'Descripción detallada del Producto Pro 49', 154365.61, 105, '2024-08-28', '2024-10-08');
INSERT INTO producto (id, nombre, descripcion, precio, stock, fecha_de_creacion, fecha_actualizacion)
VALUES ('1d934252-acfd-4e4b-be55-fc8e6524b3f8', 'Herramienta Flex 50', 'Descripción detallada del Herramienta Flex 50', 125550.0, 40, '2024-12-28', '2025-02-04');
INSERT INTO producto (id, nombre, descripcion, precio, stock, fecha_de_creacion, fecha_actualizacion)
VALUES ('6e97d29c-99b2-48c8-8d0b-046df28f3629', 'Item Max 51', 'Descripción detallada del Item Max 51', 340642.15, 147, '2024-09-16', '2024-11-20');
INSERT INTO producto (id, nombre, descripcion, precio, stock, fecha_de_creacion, fecha_actualizacion)
VALUES ('bbaa000d-ce4c-4e8e-a5a7-9b0b8665987d', 'Elemento Fit 52', 'Descripción detallada del Elemento Fit 52', 167897.49, 124, '2024-05-16', '2024-07-17');
INSERT INTO producto (id, nombre, descripcion, precio, stock, fecha_de_creacion, fecha_actualizacion)
VALUES ('a7a19eb8-e9ef-49fa-bfa6-eb92a11bc5c2', 'Producto Pro 53', 'Descripción detallada del Producto Pro 53', 113107.64, 105, '2024-11-11', '2024-11-21');
INSERT INTO producto (id, nombre, descripcion, precio, stock, fecha_de_creacion, fecha_actualizacion)
VALUES ('518a2e67-676f-4372-b95e-295cb4c82c12', 'Gadget Plus 54', 'Descripción detallada del Gadget Plus 54', 108505.4, 70, '2024-01-31', '2024-02-02');
INSERT INTO producto (id, nombre, descripcion, precio, stock, fecha_de_creacion, fecha_actualizacion)
VALUES ('409ecb3e-62d3-4008-b72a-6908cab76f0f', 'Herramienta Flex 55', 'Descripción detallada del Herramienta Flex 55', 228127.74, 137, '2024-02-07', '2024-06-10');
INSERT INTO producto (id, nombre, descripcion, precio, stock, fecha_de_creacion, fecha_actualizacion)
VALUES ('8c7ffffc-fa68-43bd-8e24-d6675d2f3b0b', 'Dispositivo Neo 56', 'Descripción detallada del Dispositivo Neo 56', 417995.8, 125, '2024-08-08', '2024-08-28');
INSERT INTO producto (id, nombre, descripcion, precio, stock, fecha_de_creacion, fecha_actualizacion)
VALUES ('e189f092-c3bb-4591-946d-bca5aebbbb0c', 'Accesorio X 57', 'Descripción detallada del Accesorio X 57', 152204.01, 50, '2024-03-16', '2024-08-20');
INSERT INTO producto (id, nombre, descripcion, precio, stock, fecha_de_creacion, fecha_actualizacion)
VALUES ('33b69922-0601-442d-bbb8-99f0f497a765', 'Herramienta Flex 58', 'Descripción detallada del Herramienta Flex 58', 336468.51, 166, '2024-04-16', '2024-07-02');
INSERT INTO producto (id, nombre, descripcion, precio, stock, fecha_de_creacion, fecha_actualizacion)
VALUES ('ac65ceac-f23c-485a-902c-7e94cbb38740', 'Gadget Plus 59', 'Descripción detallada del Gadget Plus 59', 313573.83, 29, '2024-02-10', '2024-03-16');
INSERT INTO producto (id, nombre, descripcion, precio, stock, fecha_de_creacion, fecha_actualizacion)
VALUES ('3aac5d9a-1b60-4879-b49d-53c15a591716', 'Objeto Prime 60', 'Descripción detallada del Objeto Prime 60', 44205.4, 155, '2024-11-08', '2024-12-04');
INSERT INTO producto (id, nombre, descripcion, precio, stock, fecha_de_creacion, fecha_actualizacion)
VALUES ('0ed83a6d-8927-452e-af7e-437d20bc4595', 'Artículo Ultra 61', 'Descripción detallada del Artículo Ultra 61', 214854.95, 11, '2024-02-01', '2024-04-23');
INSERT INTO producto (id, nombre, descripcion, precio, stock, fecha_de_creacion, fecha_actualizacion)
VALUES ('a7977763-2985-44f7-8953-664aa93b03f9', 'Objeto Prime 62', 'Descripción detallada del Objeto Prime 62', 269568.29, 124, '2024-07-14', '2024-10-26');
INSERT INTO producto (id, nombre, descripcion, precio, stock, fecha_de_creacion, fecha_actualizacion)
VALUES ('121dcd4b-64f4-4587-bf76-0e8d9ba68ec5', 'Artículo Ultra 63', 'Descripción detallada del Artículo Ultra 63', 365737.59, 197, '2024-12-04', '2024-12-27');
INSERT INTO producto (id, nombre, descripcion, precio, stock, fecha_de_creacion, fecha_actualizacion)
VALUES ('b35283c5-4106-44d9-b097-662df32fd3aa', 'Set Compact 64', 'Descripción detallada del Set Compact 64', 20259.35, 115, '2024-05-05', '2024-05-28');
INSERT INTO producto (id, nombre, descripcion, precio, stock, fecha_de_creacion, fecha_actualizacion)
VALUES ('d7ab3e10-13bf-4745-95a5-31143e407435', 'Artículo Ultra 65', 'Descripción detallada del Artículo Ultra 65', 289243.35, 81, '2024-09-21', '2025-01-14');
INSERT INTO producto (id, nombre, descripcion, precio, stock, fecha_de_creacion, fecha_actualizacion)
VALUES ('a654b822-78cb-42c9-b287-1b10b74f6d3d', 'Item Max 66', 'Descripción detallada del Item Max 66', 140011.67, 100, '2024-09-27', '2024-12-26');
INSERT INTO producto (id, nombre, descripcion, precio, stock, fecha_de_creacion, fecha_actualizacion)
VALUES ('e1d5a8fe-5b4d-4acb-9523-a734bdb92904', 'Producto Pro 67', 'Descripción detallada del Producto Pro 67', 60699.35, 194, '2024-02-05', '2024-04-01');
INSERT INTO producto (id, nombre, descripcion, precio, stock, fecha_de_creacion, fecha_actualizacion)
VALUES ('eb435728-9214-4d44-82a1-aa0fbccf0d88', 'Set Compact 68', 'Descripción detallada del Set Compact 68', 117069.01, 15, '2024-09-24', '2024-09-28');
INSERT INTO producto (id, nombre, descripcion, precio, stock, fecha_de_creacion, fecha_actualizacion)
VALUES ('316db610-e7c6-46ee-bc93-37a837d79a9e', 'Dispositivo Neo 69', 'Descripción detallada del Dispositivo Neo 69', 33888.84, 82, '2024-01-02', '2024-02-02');
INSERT INTO producto (id, nombre, descripcion, precio, stock, fecha_de_creacion, fecha_actualizacion)
VALUES ('263fc893-4c37-491f-a7f9-6ee36ed598bc', 'Producto Pro 70', 'Descripción detallada del Producto Pro 70', 485244.86, 109, '2024-10-15', '2024-10-22');
INSERT INTO producto (id, nombre, descripcion, precio, stock, fecha_de_creacion, fecha_actualizacion)
VALUES ('bb8f49d1-b7b7-498c-a45c-66553fda4996', 'Artículo Ultra 71', 'Descripción detallada del Artículo Ultra 71', 39810.37, 124, '2024-01-17', '2024-07-03');
INSERT INTO producto (id, nombre, descripcion, precio, stock, fecha_de_creacion, fecha_actualizacion)
VALUES ('e5a7a614-d5a1-4454-9b70-f4c5288a518e', 'Herramienta Flex 72', 'Descripción detallada del Herramienta Flex 72', 215178.9, 6, '2024-06-12', '2024-08-26');
INSERT INTO producto (id, nombre, descripcion, precio, stock, fecha_de_creacion, fecha_actualizacion)
VALUES ('4f2146c1-e15a-4543-a391-ed9e01c7d74e', 'Set Compact 73', 'Descripción detallada del Set Compact 73', 398874.41, 109, '2024-10-31', '2025-02-03');
INSERT INTO producto (id, nombre, descripcion, precio, stock, fecha_de_creacion, fecha_actualizacion)
VALUES ('73d3406f-4b30-490b-a0ff-991e43631e17', 'Gadget Plus 74', 'Descripción detallada del Gadget Plus 74', 371286.68, 196, '2024-11-02', '2025-04-02');
INSERT INTO producto (id, nombre, descripcion, precio, stock, fecha_de_creacion, fecha_actualizacion)
VALUES ('7e8ec80f-ba9b-4e9d-9992-6e30efdc779e', 'Elemento Fit 75', 'Descripción detallada del Elemento Fit 75', 65250.1, 34, '2024-03-02', '2024-08-16');
INSERT INTO producto (id, nombre, descripcion, precio, stock, fecha_de_creacion, fecha_actualizacion)
VALUES ('55234ca2-988a-48e2-8c15-9d471325de6b', 'Producto Pro 76', 'Descripción detallada del Producto Pro 76', 348042.68, 162, '2024-09-17', '2025-01-15');
INSERT INTO producto (id, nombre, descripcion, precio, stock, fecha_de_creacion, fecha_actualizacion)
VALUES ('1c40c8ec-3d05-4d6f-b2b2-b6ef7cfa38ef', 'Dispositivo Neo 77', 'Descripción detallada del Dispositivo Neo 77', 255591.7, 58, '2024-04-30', '2024-10-12');
INSERT INTO producto (id, nombre, descripcion, precio, stock, fecha_de_creacion, fecha_actualizacion)
VALUES ('7c7d0977-dc81-47c0-9d13-446ac4693439', 'Elemento Fit 78', 'Descripción detallada del Elemento Fit 78', 467552.91, 35, '2024-11-13', '2025-01-24');
INSERT INTO producto (id, nombre, descripcion, precio, stock, fecha_de_creacion, fecha_actualizacion)
VALUES ('b70af674-e4e8-4ccc-aa37-e1e7869683d3', 'Elemento Fit 79', 'Descripción detallada del Elemento Fit 79', 82692.68, 95, '2024-02-03', '2024-05-28');
INSERT INTO producto (id, nombre, descripcion, precio, stock, fecha_de_creacion, fecha_actualizacion)
VALUES ('a4d89507-0a4b-4bf8-a9cc-266cf215e523', 'Dispositivo Neo 80', 'Descripción detallada del Dispositivo Neo 80', 88611.55, 101, '2024-08-22', '2024-10-23');
INSERT INTO producto (id, nombre, descripcion, precio, stock, fecha_de_creacion, fecha_actualizacion)
VALUES ('f0446034-6078-4383-a747-f3b62ddc2f1a', 'Elemento Fit 81', 'Descripción detallada del Elemento Fit 81', 292185.38, 190, '2024-09-08', '2025-01-22');
INSERT INTO producto (id, nombre, descripcion, precio, stock, fecha_de_creacion, fecha_actualizacion)
VALUES ('80905c0d-0a37-4ede-825e-9fe66d8bdf87', 'Set Compact 82', 'Descripción detallada del Set Compact 82', 447276.66, 164, '2024-08-21', '2024-11-21');
INSERT INTO producto (id, nombre, descripcion, precio, stock, fecha_de_creacion, fecha_actualizacion)
VALUES ('abe04f31-1553-4db0-aa45-37a5bcb1d050', 'Objeto Prime 83', 'Descripción detallada del Objeto Prime 83', 379853.16, 69, '2024-03-31', '2024-04-06');
INSERT INTO producto (id, nombre, descripcion, precio, stock, fecha_de_creacion, fecha_actualizacion)
VALUES ('97667733-a4be-45cb-99fa-adb58b97e817', 'Dispositivo Neo 84', 'Descripción detallada del Dispositivo Neo 84', 453076.4, 39, '2024-10-29', '2025-04-15');
INSERT INTO producto (id, nombre, descripcion, precio, stock, fecha_de_creacion, fecha_actualizacion)
VALUES ('e6011dcf-8afc-4b3a-a983-fe80b46a4733', 'Item Max 85', 'Descripción detallada del Item Max 85', 231403.79, 31, '2024-06-02', '2024-10-25');
INSERT INTO producto (id, nombre, descripcion, precio, stock, fecha_de_creacion, fecha_actualizacion)
VALUES ('8494ebca-5322-43fa-9ce9-981fc2028b9c', 'Herramienta Flex 86', 'Descripción detallada del Herramienta Flex 86', 216202.52, 98, '2024-08-22', '2024-10-18');
INSERT INTO producto (id, nombre, descripcion, precio, stock, fecha_de_creacion, fecha_actualizacion)
VALUES ('ea1b506e-a0ea-4cfa-b75e-7bada5f7d15b', 'Artículo Ultra 87', 'Descripción detallada del Artículo Ultra 87', 380118.52, 118, '2024-04-18', '2024-08-04');
INSERT INTO producto (id, nombre, descripcion, precio, stock, fecha_de_creacion, fecha_actualizacion)
VALUES ('25c501ef-fb07-4e06-8419-868a062b884a', 'Item Max 88', 'Descripción detallada del Item Max 88', 422870.11, 152, '2024-10-26', '2025-04-21');
INSERT INTO producto (id, nombre, descripcion, precio, stock, fecha_de_creacion, fecha_actualizacion)
VALUES ('0acf60ff-83c6-4c2c-8a4d-b77e354eb37d', 'Artículo Ultra 89', 'Descripción detallada del Artículo Ultra 89', 434750.37, 9, '2024-01-05', '2024-05-05');
INSERT INTO producto (id, nombre, descripcion, precio, stock, fecha_de_creacion, fecha_actualizacion)
VALUES ('2ddab78e-57c3-4e7f-b711-d1deb3e03ada', 'Dispositivo Neo 90', 'Descripción detallada del Dispositivo Neo 90', 194913.99, 76, '2024-12-25', '2025-03-07');
INSERT INTO producto (id, nombre, descripcion, precio, stock, fecha_de_creacion, fecha_actualizacion)
VALUES ('04bdf5ac-0faf-475f-a9f7-d597fc69a2e3', 'Herramienta Flex 91', 'Descripción detallada del Herramienta Flex 91', 324025.87, 143, '2024-10-31', '2025-03-11');
INSERT INTO producto (id, nombre, descripcion, precio, stock, fecha_de_creacion, fecha_actualizacion)
VALUES ('ba17bd5f-a464-40cb-8451-6d4f12c50614', 'Herramienta Flex 92', 'Descripción detallada del Herramienta Flex 92', 462735.64, 114, '2024-11-30', '2025-04-09');
INSERT INTO producto (id, nombre, descripcion, precio, stock, fecha_de_creacion, fecha_actualizacion)
VALUES ('33020dc5-a891-45f6-94de-9a278d622345', 'Elemento Fit 93', 'Descripción detallada del Elemento Fit 93', 365035.17, 140, '2024-08-10', '2024-10-21');
INSERT INTO producto (id, nombre, descripcion, precio, stock, fecha_de_creacion, fecha_actualizacion)
VALUES ('0b3fad94-1ed0-4158-800b-f21e89413085', 'Dispositivo Neo 94', 'Descripción detallada del Dispositivo Neo 94', 156770.3, 47, '2024-10-23', '2025-02-20');
INSERT INTO producto (id, nombre, descripcion, precio, stock, fecha_de_creacion, fecha_actualizacion)
VALUES ('22a4d4ef-1e8a-40e8-a856-28768365129c', 'Set Compact 95', 'Descripción detallada del Set Compact 95', 14120.74, 164, '2024-08-09', '2024-12-17');
INSERT INTO producto (id, nombre, descripcion, precio, stock, fecha_de_creacion, fecha_actualizacion)
VALUES ('9b42384e-c9ea-41dc-8155-fb66175b2099', 'Gadget Plus 96', 'Descripción detallada del Gadget Plus 96', 206871.68, 81, '2024-11-06', '2024-11-28');
INSERT INTO producto (id, nombre, descripcion, precio, stock, fecha_de_creacion, fecha_actualizacion)
VALUES ('cebc3d37-f61d-4d99-af90-13015f6fd57a', 'Dispositivo Neo 97', 'Descripción detallada del Dispositivo Neo 97', 456546.07, 108, '2024-12-10', '2025-03-26');
INSERT INTO producto (id, nombre, descripcion, precio, stock, fecha_de_creacion, fecha_actualizacion)
VALUES ('bcefadb6-e504-473e-8c25-650faa4e18b8', 'Producto Pro 98', 'Descripción detallada del Producto Pro 98', 35912.74, 62, '2024-08-17', '2024-12-20');
INSERT INTO producto (id, nombre, descripcion, precio, stock, fecha_de_creacion, fecha_actualizacion)
VALUES ('7fe3ddae-125a-4dee-841c-048a3ead2c5c', 'Set Compact 99', 'Descripción detallada del Set Compact 99', 416885.0, 152, '2024-11-03', '2025-04-11');
INSERT INTO producto (id, nombre, descripcion, precio, stock, fecha_de_creacion, fecha_actualizacion)
VALUES ('446ea2ff-3316-4412-b20e-6a4e4f1f7808', 'Set Compact 100', 'Descripción detallada del Set Compact 100', 399071.51, 119, '2024-07-18', '2024-12-07');
INSERT INTO producto (id, nombre, descripcion, precio, stock, fecha_de_creacion, fecha_actualizacion)
VALUES ('614e6d79-65f1-4943-9235-d9fdd4c482ff', 'Artículo Ultra 101', 'Descripción detallada del Artículo Ultra 101', 275198.4, 66, '2024-10-04', '2024-12-18');
INSERT INTO producto (id, nombre, descripcion, precio, stock, fecha_de_creacion, fecha_actualizacion)
VALUES ('6c312d82-9873-40f1-967e-a60f84dd7f46', 'Objeto Prime 102', 'Descripción detallada del Objeto Prime 102', 219807.81, 132, '2024-11-01', '2025-02-28');
INSERT INTO producto (id, nombre, descripcion, precio, stock, fecha_de_creacion, fecha_actualizacion)
VALUES ('de41ce0d-e628-4636-a8aa-12327512a223', 'Gadget Plus 103', 'Descripción detallada del Gadget Plus 103', 103165.03, 46, '2024-08-22', '2024-11-01');
INSERT INTO producto (id, nombre, descripcion, precio, stock, fecha_de_creacion, fecha_actualizacion)
VALUES ('c840b8a1-3c8e-4827-a931-bd520a4ca4be', 'Dispositivo Neo 104', 'Descripción detallada del Dispositivo Neo 104', 330949.31, 119, '2024-01-10', '2024-05-06');
INSERT INTO producto (id, nombre, descripcion, precio, stock, fecha_de_creacion, fecha_actualizacion)
VALUES ('ebae9d95-03cc-484a-8fcd-50aa2283dc89', 'Set Compact 105', 'Descripción detallada del Set Compact 105', 181599.6, 176, '2024-01-08', '2024-06-24');

INSERT INTO categoria (id, nombre) VALUES (1, 'Electrónica');
INSERT INTO categoria (id, nombre) VALUES (2, 'Ropa');
INSERT INTO categoria (id, nombre) VALUES (3, 'Hogar y Cocina');
INSERT INTO categoria (id, nombre) VALUES (4, 'Deportes');
INSERT INTO categoria (id, nombre) VALUES (5, 'Libros');
INSERT INTO categoria (id, nombre) VALUES (6, 'Salud y Belleza');
INSERT INTO categoria (id, nombre) VALUES (7, 'Juguetes');
INSERT INTO categoria (id, nombre) VALUES (8, 'Automotriz');
INSERT INTO categoria (id, nombre) VALUES (9, 'Mascotas');
INSERT INTO categoria (id, nombre) VALUES (10, 'Oficina y Papelería');


-- Inserts para tabla producto_categorias

INSERT INTO producto_categorias (producto_id, categorias_id) VALUES ('99d35b39-3bdc-4668-b071-77e42276f736', 8);
INSERT INTO producto_categorias (producto_id, categorias_id) VALUES ('99d35b39-3bdc-4668-b071-77e42276f736', 10);
INSERT INTO producto_categorias (producto_id, categorias_id) VALUES ('99d35b39-3bdc-4668-b071-77e42276f736', 5);
INSERT INTO producto_categorias (producto_id, categorias_id) VALUES ('4a2ba740-3a9e-462d-b9f8-458e99366a78', 8);
INSERT INTO producto_categorias (producto_id, categorias_id) VALUES ('af97cec1-590f-4daf-ba77-bc766e95e464', 9);
INSERT INTO producto_categorias (producto_id, categorias_id) VALUES ('af97cec1-590f-4daf-ba77-bc766e95e464', 10);
INSERT INTO producto_categorias (producto_id, categorias_id) VALUES ('af97cec1-590f-4daf-ba77-bc766e95e464', 8);
INSERT INTO producto_categorias (producto_id, categorias_id) VALUES ('b12086b9-8a87-4782-9f8e-f71d4049d579', 3);
INSERT INTO producto_categorias (producto_id, categorias_id) VALUES ('b12086b9-8a87-4782-9f8e-f71d4049d579', 7);
INSERT INTO producto_categorias (producto_id, categorias_id) VALUES ('b12086b9-8a87-4782-9f8e-f71d4049d579', 4);
INSERT INTO producto_categorias (producto_id, categorias_id) VALUES ('c3383387-20ba-4c5a-beca-069fb3240623', 2);
INSERT INTO producto_categorias (producto_id, categorias_id) VALUES ('c3383387-20ba-4c5a-beca-069fb3240623', 3);
INSERT INTO producto_categorias (producto_id, categorias_id) VALUES ('14498916-6e49-49ee-bc83-2ef5d9662a65', 2);
INSERT INTO producto_categorias (producto_id, categorias_id) VALUES ('14498916-6e49-49ee-bc83-2ef5d9662a65', 5);
INSERT INTO producto_categorias (producto_id, categorias_id) VALUES ('14498916-6e49-49ee-bc83-2ef5d9662a65', 1);
INSERT INTO producto_categorias (producto_id, categorias_id) VALUES ('4b17f4d1-92b1-421b-8d0e-60a7f0dd7bde', 2);
INSERT INTO producto_categorias (producto_id, categorias_id) VALUES ('4b17f4d1-92b1-421b-8d0e-60a7f0dd7bde', 3);
INSERT INTO producto_categorias (producto_id, categorias_id) VALUES ('4b17f4d1-92b1-421b-8d0e-60a7f0dd7bde', 1);
INSERT INTO producto_categorias (producto_id, categorias_id) VALUES ('99af691d-82d3-48fe-9ed6-68f66caaa114', 4);
INSERT INTO producto_categorias (producto_id, categorias_id) VALUES ('99af691d-82d3-48fe-9ed6-68f66caaa114', 10);
INSERT INTO producto_categorias (producto_id, categorias_id) VALUES ('e80ad8b1-dbb7-4859-98d1-b54df9318392', 4);
INSERT INTO producto_categorias (producto_id, categorias_id) VALUES ('e80ad8b1-dbb7-4859-98d1-b54df9318392', 5);
INSERT INTO producto_categorias (producto_id, categorias_id) VALUES ('8f3ad807-058e-4dd9-aa2d-9aeca247ab88', 8);
INSERT INTO producto_categorias (producto_id, categorias_id) VALUES ('8f3ad807-058e-4dd9-aa2d-9aeca247ab88', 2);
INSERT INTO producto_categorias (producto_id, categorias_id) VALUES ('53e1eb5e-e12b-45ac-b76e-786981dea272', 3);
INSERT INTO producto_categorias (producto_id, categorias_id) VALUES ('53e1eb5e-e12b-45ac-b76e-786981dea272', 2);
INSERT INTO producto_categorias (producto_id, categorias_id) VALUES ('53e1eb5e-e12b-45ac-b76e-786981dea272', 7);
INSERT INTO producto_categorias (producto_id, categorias_id) VALUES ('709e33d7-d738-4fd0-891c-084b56c2941f', 7);
INSERT INTO producto_categorias (producto_id, categorias_id) VALUES ('709e33d7-d738-4fd0-891c-084b56c2941f', 2);
INSERT INTO producto_categorias (producto_id, categorias_id) VALUES ('f533832b-0a96-4300-b138-480a867d2bcf', 5);
INSERT INTO producto_categorias (producto_id, categorias_id) VALUES ('f533832b-0a96-4300-b138-480a867d2bcf', 7);
INSERT INTO producto_categorias (producto_id, categorias_id) VALUES ('4bfd3d2d-b7a9-4842-aa75-5f717fe08bc8', 3);
INSERT INTO producto_categorias (producto_id, categorias_id) VALUES ('793b1ab9-284d-4b68-b76f-02e10d2f0920', 3);
INSERT INTO producto_categorias (producto_id, categorias_id) VALUES ('793b1ab9-284d-4b68-b76f-02e10d2f0920', 4);
INSERT INTO producto_categorias (producto_id, categorias_id) VALUES ('793b1ab9-284d-4b68-b76f-02e10d2f0920', 9);
INSERT INTO producto_categorias (producto_id, categorias_id) VALUES ('45c0fbdf-90ef-44cd-a8d7-847c1cbca923', 1);
INSERT INTO producto_categorias (producto_id, categorias_id) VALUES ('45c0fbdf-90ef-44cd-a8d7-847c1cbca923', 9);
INSERT INTO producto_categorias (producto_id, categorias_id) VALUES ('45c0fbdf-90ef-44cd-a8d7-847c1cbca923', 7);
INSERT INTO producto_categorias (producto_id, categorias_id) VALUES ('882f4779-8fff-4e1a-8891-727892cb44c9', 1);
INSERT INTO producto_categorias (producto_id, categorias_id) VALUES ('882f4779-8fff-4e1a-8891-727892cb44c9', 3);
INSERT INTO producto_categorias (producto_id, categorias_id) VALUES ('653b69e4-064b-4604-84ac-b6cc0a300f85', 5);
INSERT INTO producto_categorias (producto_id, categorias_id) VALUES ('653b69e4-064b-4604-84ac-b6cc0a300f85', 8);
INSERT INTO producto_categorias (producto_id, categorias_id) VALUES ('6a059c38-8fdb-463a-a6fc-83efda83b4cc', 5);
INSERT INTO producto_categorias (producto_id, categorias_id) VALUES ('89d7f23c-7cc3-4f3d-8412-5a1906ac6090', 10);
INSERT INTO producto_categorias (producto_id, categorias_id) VALUES ('89d7f23c-7cc3-4f3d-8412-5a1906ac6090', 7);
INSERT INTO producto_categorias (producto_id, categorias_id) VALUES ('89d7f23c-7cc3-4f3d-8412-5a1906ac6090', 2);
INSERT INTO producto_categorias (producto_id, categorias_id) VALUES ('dfc6dd65-e5a0-4c22-8c38-bbd05120a4ef', 5);
INSERT INTO producto_categorias (producto_id, categorias_id) VALUES ('dfc6dd65-e5a0-4c22-8c38-bbd05120a4ef', 3);
INSERT INTO producto_categorias (producto_id, categorias_id) VALUES ('81dcb498-760d-4846-b346-f7adedfa75bc', 10);
INSERT INTO producto_categorias (producto_id, categorias_id) VALUES ('81dcb498-760d-4846-b346-f7adedfa75bc', 7);
INSERT INTO producto_categorias (producto_id, categorias_id) VALUES ('81dcb498-760d-4846-b346-f7adedfa75bc', 9);
INSERT INTO producto_categorias (producto_id, categorias_id) VALUES ('af16d6d8-7466-41c2-8bdd-eadeb08ceb54', 3);
INSERT INTO producto_categorias (producto_id, categorias_id) VALUES ('af16d6d8-7466-41c2-8bdd-eadeb08ceb54', 6);
INSERT INTO producto_categorias (producto_id, categorias_id) VALUES ('ee7dbcd4-268c-4f9e-8c04-0d528d1e33d8', 7);
INSERT INTO producto_categorias (producto_id, categorias_id) VALUES ('82ecc574-56fa-40a0-8291-2d8bc437af2b', 1);
INSERT INTO producto_categorias (producto_id, categorias_id) VALUES ('cffa212a-7cbc-4963-801c-b7cb5279b5fc', 6);
INSERT INTO producto_categorias (producto_id, categorias_id) VALUES ('cffa212a-7cbc-4963-801c-b7cb5279b5fc', 2);
INSERT INTO producto_categorias (producto_id, categorias_id) VALUES ('cffa212a-7cbc-4963-801c-b7cb5279b5fc', 1);
INSERT INTO producto_categorias (producto_id, categorias_id) VALUES ('c6cd6c08-f8da-4d5f-90c9-9b6157d8b973', 1);
INSERT INTO producto_categorias (producto_id, categorias_id) VALUES ('c6cd6c08-f8da-4d5f-90c9-9b6157d8b973', 5);
INSERT INTO producto_categorias (producto_id, categorias_id) VALUES ('c6cd6c08-f8da-4d5f-90c9-9b6157d8b973', 3);
INSERT INTO producto_categorias (producto_id, categorias_id) VALUES ('bbc4a249-178a-4156-8108-b1c3e5a8681e', 2);
INSERT INTO producto_categorias (producto_id, categorias_id) VALUES ('00e890e9-04fa-4a17-b186-215e6acb77cc', 9);
INSERT INTO producto_categorias (producto_id, categorias_id) VALUES ('b9a56ef0-3442-4d00-8dde-dd2476dbe854', 2);
INSERT INTO producto_categorias (producto_id, categorias_id) VALUES ('d3611b3f-08ff-42ab-acbc-be0078be88c9', 3);
INSERT INTO producto_categorias (producto_id, categorias_id) VALUES ('d3611b3f-08ff-42ab-acbc-be0078be88c9', 6);
INSERT INTO producto_categorias (producto_id, categorias_id) VALUES ('e3478027-63a6-490b-8f32-ef2c1ce37457', 4);
INSERT INTO producto_categorias (producto_id, categorias_id) VALUES ('e3478027-63a6-490b-8f32-ef2c1ce37457', 5);
INSERT INTO producto_categorias (producto_id, categorias_id) VALUES ('9fe9e331-8e41-4798-bf66-3d3c89649c80', 5);
INSERT INTO producto_categorias (producto_id, categorias_id) VALUES ('97106d17-2563-4543-97c6-7c259015286d', 8);
INSERT INTO producto_categorias (producto_id, categorias_id) VALUES ('97106d17-2563-4543-97c6-7c259015286d', 7);
INSERT INTO producto_categorias (producto_id, categorias_id) VALUES ('97106d17-2563-4543-97c6-7c259015286d', 1);
INSERT INTO producto_categorias (producto_id, categorias_id) VALUES ('eb3f4716-77d4-4037-a204-7e131994a300', 9);
INSERT INTO producto_categorias (producto_id, categorias_id) VALUES ('d9db90f0-3f23-41fb-8960-8a3e6148913d', 6);
INSERT INTO producto_categorias (producto_id, categorias_id) VALUES ('ca0e9b20-ac28-4f3c-89c6-afcfc4ac8262', 6);
INSERT INTO producto_categorias (producto_id, categorias_id) VALUES ('fc4d6a95-23ef-43ad-b491-708ef4660aeb', 9);
INSERT INTO producto_categorias (producto_id, categorias_id) VALUES ('fc4d6a95-23ef-43ad-b491-708ef4660aeb', 8);
INSERT INTO producto_categorias (producto_id, categorias_id) VALUES ('994a6ff7-1efc-427a-ae71-697ee06cc59e', 10);
INSERT INTO producto_categorias (producto_id, categorias_id) VALUES ('8e10f6a8-5195-4f93-b594-6ba3b8cc4b73', 1);
INSERT INTO producto_categorias (producto_id, categorias_id) VALUES ('8e10f6a8-5195-4f93-b594-6ba3b8cc4b73', 6);
INSERT INTO producto_categorias (producto_id, categorias_id) VALUES ('8e10f6a8-5195-4f93-b594-6ba3b8cc4b73', 3);
INSERT INTO producto_categorias (producto_id, categorias_id) VALUES ('cb61191d-2d89-4702-ae05-a4b5280aca69', 9);
INSERT INTO producto_categorias (producto_id, categorias_id) VALUES ('9145beac-d6f7-4634-aeb2-bbdccc3ff8f2', 9);
INSERT INTO producto_categorias (producto_id, categorias_id) VALUES ('9145beac-d6f7-4634-aeb2-bbdccc3ff8f2', 7);
INSERT INTO producto_categorias (producto_id, categorias_id) VALUES ('9145beac-d6f7-4634-aeb2-bbdccc3ff8f2', 5);
INSERT INTO producto_categorias (producto_id, categorias_id) VALUES ('700d30d7-4ec4-4c47-81bc-205437676b21', 8);
INSERT INTO producto_categorias (producto_id, categorias_id) VALUES ('700d30d7-4ec4-4c47-81bc-205437676b21', 10);
INSERT INTO producto_categorias (producto_id, categorias_id) VALUES ('671ce611-d264-4cc4-8702-2a6e830f098f', 8);
INSERT INTO producto_categorias (producto_id, categorias_id) VALUES ('671ce611-d264-4cc4-8702-2a6e830f098f', 7);
INSERT INTO producto_categorias (producto_id, categorias_id) VALUES ('1d934252-acfd-4e4b-be55-fc8e6524b3f8', 8);
INSERT INTO producto_categorias (producto_id, categorias_id) VALUES ('6e97d29c-99b2-48c8-8d0b-046df28f3629', 3);
INSERT INTO producto_categorias (producto_id, categorias_id) VALUES ('bbaa000d-ce4c-4e8e-a5a7-9b0b8665987d', 1);
INSERT INTO producto_categorias (producto_id, categorias_id) VALUES ('a7a19eb8-e9ef-49fa-bfa6-eb92a11bc5c2', 2);
INSERT INTO producto_categorias (producto_id, categorias_id) VALUES ('518a2e67-676f-4372-b95e-295cb4c82c12', 3);
INSERT INTO producto_categorias (producto_id, categorias_id) VALUES ('518a2e67-676f-4372-b95e-295cb4c82c12', 6);
INSERT INTO producto_categorias (producto_id, categorias_id) VALUES ('409ecb3e-62d3-4008-b72a-6908cab76f0f', 6);
INSERT INTO producto_categorias (producto_id, categorias_id) VALUES ('409ecb3e-62d3-4008-b72a-6908cab76f0f', 9);
INSERT INTO producto_categorias (producto_id, categorias_id) VALUES ('8c7ffffc-fa68-43bd-8e24-d6675d2f3b0b', 8);
INSERT INTO producto_categorias (producto_id, categorias_id) VALUES ('8c7ffffc-fa68-43bd-8e24-d6675d2f3b0b', 6);
INSERT INTO producto_categorias (producto_id, categorias_id) VALUES ('8c7ffffc-fa68-43bd-8e24-d6675d2f3b0b', 1);
INSERT INTO producto_categorias (producto_id, categorias_id) VALUES ('e189f092-c3bb-4591-946d-bca5aebbbb0c', 3);
INSERT INTO producto_categorias (producto_id, categorias_id) VALUES ('33b69922-0601-442d-bbb8-99f0f497a765', 8);
INSERT INTO producto_categorias (producto_id, categorias_id) VALUES ('33b69922-0601-442d-bbb8-99f0f497a765', 6);
INSERT INTO producto_categorias (producto_id, categorias_id) VALUES ('33b69922-0601-442d-bbb8-99f0f497a765', 3);
INSERT INTO producto_categorias (producto_id, categorias_id) VALUES ('ac65ceac-f23c-485a-902c-7e94cbb38740', 5);
INSERT INTO producto_categorias (producto_id, categorias_id) VALUES ('3aac5d9a-1b60-4879-b49d-53c15a591716', 9);
INSERT INTO producto_categorias (producto_id, categorias_id) VALUES ('3aac5d9a-1b60-4879-b49d-53c15a591716', 3);
INSERT INTO producto_categorias (producto_id, categorias_id) VALUES ('3aac5d9a-1b60-4879-b49d-53c15a591716', 10);
INSERT INTO producto_categorias (producto_id, categorias_id) VALUES ('0ed83a6d-8927-452e-af7e-437d20bc4595', 2);
INSERT INTO producto_categorias (producto_id, categorias_id) VALUES ('a7977763-2985-44f7-8953-664aa93b03f9', 10);
INSERT INTO producto_categorias (producto_id, categorias_id) VALUES ('121dcd4b-64f4-4587-bf76-0e8d9ba68ec5', 4);
INSERT INTO producto_categorias (producto_id, categorias_id) VALUES ('b35283c5-4106-44d9-b097-662df32fd3aa', 7);
INSERT INTO producto_categorias (producto_id, categorias_id) VALUES ('b35283c5-4106-44d9-b097-662df32fd3aa', 6);
INSERT INTO producto_categorias (producto_id, categorias_id) VALUES ('d7ab3e10-13bf-4745-95a5-31143e407435', 7);
INSERT INTO producto_categorias (producto_id, categorias_id) VALUES ('a654b822-78cb-42c9-b287-1b10b74f6d3d', 10);
INSERT INTO producto_categorias (producto_id, categorias_id) VALUES ('a654b822-78cb-42c9-b287-1b10b74f6d3d', 3);
INSERT INTO producto_categorias (producto_id, categorias_id) VALUES ('a654b822-78cb-42c9-b287-1b10b74f6d3d', 4);
INSERT INTO producto_categorias (producto_id, categorias_id) VALUES ('e1d5a8fe-5b4d-4acb-9523-a734bdb92904', 10);
INSERT INTO producto_categorias (producto_id, categorias_id) VALUES ('eb435728-9214-4d44-82a1-aa0fbccf0d88', 10);
INSERT INTO producto_categorias (producto_id, categorias_id) VALUES ('eb435728-9214-4d44-82a1-aa0fbccf0d88', 7);
INSERT INTO producto_categorias (producto_id, categorias_id) VALUES ('316db610-e7c6-46ee-bc93-37a837d79a9e', 1);
INSERT INTO producto_categorias (producto_id, categorias_id) VALUES ('263fc893-4c37-491f-a7f9-6ee36ed598bc', 5);
INSERT INTO producto_categorias (producto_id, categorias_id) VALUES ('263fc893-4c37-491f-a7f9-6ee36ed598bc', 9);
INSERT INTO producto_categorias (producto_id, categorias_id) VALUES ('263fc893-4c37-491f-a7f9-6ee36ed598bc', 4);
INSERT INTO producto_categorias (producto_id, categorias_id) VALUES ('bb8f49d1-b7b7-498c-a45c-66553fda4996', 9);
INSERT INTO producto_categorias (producto_id, categorias_id) VALUES ('e5a7a614-d5a1-4454-9b70-f4c5288a518e', 10);
INSERT INTO producto_categorias (producto_id, categorias_id) VALUES ('4f2146c1-e15a-4543-a391-ed9e01c7d74e', 5);
INSERT INTO producto_categorias (producto_id, categorias_id) VALUES ('73d3406f-4b30-490b-a0ff-991e43631e17', 1);
INSERT INTO producto_categorias (producto_id, categorias_id) VALUES ('73d3406f-4b30-490b-a0ff-991e43631e17', 7);
INSERT INTO producto_categorias (producto_id, categorias_id) VALUES ('7e8ec80f-ba9b-4e9d-9992-6e30efdc779e', 3);
INSERT INTO producto_categorias (producto_id, categorias_id) VALUES ('7e8ec80f-ba9b-4e9d-9992-6e30efdc779e', 6);
INSERT INTO producto_categorias (producto_id, categorias_id) VALUES ('7e8ec80f-ba9b-4e9d-9992-6e30efdc779e', 1);
INSERT INTO producto_categorias (producto_id, categorias_id) VALUES ('55234ca2-988a-48e2-8c15-9d471325de6b', 8);
INSERT INTO producto_categorias (producto_id, categorias_id) VALUES ('55234ca2-988a-48e2-8c15-9d471325de6b', 10);
INSERT INTO producto_categorias (producto_id, categorias_id) VALUES ('1c40c8ec-3d05-4d6f-b2b2-b6ef7cfa38ef', 6);
INSERT INTO producto_categorias (producto_id, categorias_id) VALUES ('1c40c8ec-3d05-4d6f-b2b2-b6ef7cfa38ef', 10);
INSERT INTO producto_categorias (producto_id, categorias_id) VALUES ('7c7d0977-dc81-47c0-9d13-446ac4693439', 2);
INSERT INTO producto_categorias (producto_id, categorias_id) VALUES ('7c7d0977-dc81-47c0-9d13-446ac4693439', 9);
INSERT INTO producto_categorias (producto_id, categorias_id) VALUES ('7c7d0977-dc81-47c0-9d13-446ac4693439', 4);
INSERT INTO producto_categorias (producto_id, categorias_id) VALUES ('b70af674-e4e8-4ccc-aa37-e1e7869683d3', 4);
INSERT INTO producto_categorias (producto_id, categorias_id) VALUES ('b70af674-e4e8-4ccc-aa37-e1e7869683d3', 10);
INSERT INTO producto_categorias (producto_id, categorias_id) VALUES ('a4d89507-0a4b-4bf8-a9cc-266cf215e523', 10);
INSERT INTO producto_categorias (producto_id, categorias_id) VALUES ('a4d89507-0a4b-4bf8-a9cc-266cf215e523', 3);
INSERT INTO producto_categorias (producto_id, categorias_id) VALUES ('f0446034-6078-4383-a747-f3b62ddc2f1a', 8);
INSERT INTO producto_categorias (producto_id, categorias_id) VALUES ('80905c0d-0a37-4ede-825e-9fe66d8bdf87', 10);
INSERT INTO producto_categorias (producto_id, categorias_id) VALUES ('80905c0d-0a37-4ede-825e-9fe66d8bdf87', 8);
INSERT INTO producto_categorias (producto_id, categorias_id) VALUES ('abe04f31-1553-4db0-aa45-37a5bcb1d050', 1);
INSERT INTO producto_categorias (producto_id, categorias_id) VALUES ('97667733-a4be-45cb-99fa-adb58b97e817', 4);
INSERT INTO producto_categorias (producto_id, categorias_id) VALUES ('e6011dcf-8afc-4b3a-a983-fe80b46a4733', 6);
INSERT INTO producto_categorias (producto_id, categorias_id) VALUES ('e6011dcf-8afc-4b3a-a983-fe80b46a4733', 7);
INSERT INTO producto_categorias (producto_id, categorias_id) VALUES ('8494ebca-5322-43fa-9ce9-981fc2028b9c', 5);
INSERT INTO producto_categorias (producto_id, categorias_id) VALUES ('8494ebca-5322-43fa-9ce9-981fc2028b9c', 8);
INSERT INTO producto_categorias (producto_id, categorias_id) VALUES ('8494ebca-5322-43fa-9ce9-981fc2028b9c', 7);
INSERT INTO producto_categorias (producto_id, categorias_id) VALUES ('ea1b506e-a0ea-4cfa-b75e-7bada5f7d15b', 9);
INSERT INTO producto_categorias (producto_id, categorias_id) VALUES ('ea1b506e-a0ea-4cfa-b75e-7bada5f7d15b', 7);
INSERT INTO producto_categorias (producto_id, categorias_id) VALUES ('ea1b506e-a0ea-4cfa-b75e-7bada5f7d15b', 5);
INSERT INTO producto_categorias (producto_id, categorias_id) VALUES ('25c501ef-fb07-4e06-8419-868a062b884a', 1);
INSERT INTO producto_categorias (producto_id, categorias_id) VALUES ('25c501ef-fb07-4e06-8419-868a062b884a', 3);
INSERT INTO producto_categorias (producto_id, categorias_id) VALUES ('0acf60ff-83c6-4c2c-8a4d-b77e354eb37d', 6);
INSERT INTO producto_categorias (producto_id, categorias_id) VALUES ('2ddab78e-57c3-4e7f-b711-d1deb3e03ada', 10);
INSERT INTO producto_categorias (producto_id, categorias_id) VALUES ('2ddab78e-57c3-4e7f-b711-d1deb3e03ada', 3);
INSERT INTO producto_categorias (producto_id, categorias_id) VALUES ('2ddab78e-57c3-4e7f-b711-d1deb3e03ada', 1);
INSERT INTO producto_categorias (producto_id, categorias_id) VALUES ('04bdf5ac-0faf-475f-a9f7-d597fc69a2e3', 9);
INSERT INTO producto_categorias (producto_id, categorias_id) VALUES ('04bdf5ac-0faf-475f-a9f7-d597fc69a2e3', 7);
INSERT INTO producto_categorias (producto_id, categorias_id) VALUES ('ba17bd5f-a464-40cb-8451-6d4f12c50614', 6);
INSERT INTO producto_categorias (producto_id, categorias_id) VALUES ('ba17bd5f-a464-40cb-8451-6d4f12c50614', 1);
INSERT INTO producto_categorias (producto_id, categorias_id) VALUES ('33020dc5-a891-45f6-94de-9a278d622345', 10);
INSERT INTO producto_categorias (producto_id, categorias_id) VALUES ('0b3fad94-1ed0-4158-800b-f21e89413085', 4);
INSERT INTO producto_categorias (producto_id, categorias_id) VALUES ('0b3fad94-1ed0-4158-800b-f21e89413085', 9);
INSERT INTO producto_categorias (producto_id, categorias_id) VALUES ('22a4d4ef-1e8a-40e8-a856-28768365129c', 6);
INSERT INTO producto_categorias (producto_id, categorias_id) VALUES ('9b42384e-c9ea-41dc-8155-fb66175b2099', 4);
INSERT INTO producto_categorias (producto_id, categorias_id) VALUES ('9b42384e-c9ea-41dc-8155-fb66175b2099', 5);
INSERT INTO producto_categorias (producto_id, categorias_id) VALUES ('9b42384e-c9ea-41dc-8155-fb66175b2099', 6);
INSERT INTO producto_categorias (producto_id, categorias_id) VALUES ('cebc3d37-f61d-4d99-af90-13015f6fd57a', 10);
INSERT INTO producto_categorias (producto_id, categorias_id) VALUES ('bcefadb6-e504-473e-8c25-650faa4e18b8', 7);
INSERT INTO producto_categorias (producto_id, categorias_id) VALUES ('7fe3ddae-125a-4dee-841c-048a3ead2c5c', 10);
INSERT INTO producto_categorias (producto_id, categorias_id) VALUES ('446ea2ff-3316-4412-b20e-6a4e4f1f7808', 5);
INSERT INTO producto_categorias (producto_id, categorias_id) VALUES ('614e6d79-65f1-4943-9235-d9fdd4c482ff', 10);
INSERT INTO producto_categorias (producto_id, categorias_id) VALUES ('614e6d79-65f1-4943-9235-d9fdd4c482ff', 3);
INSERT INTO producto_categorias (producto_id, categorias_id) VALUES ('614e6d79-65f1-4943-9235-d9fdd4c482ff', 4);
INSERT INTO producto_categorias (producto_id, categorias_id) VALUES ('6c312d82-9873-40f1-967e-a60f84dd7f46', 5);
INSERT INTO producto_categorias (producto_id, categorias_id) VALUES ('de41ce0d-e628-4636-a8aa-12327512a223', 6);
INSERT INTO producto_categorias (producto_id, categorias_id) VALUES ('c840b8a1-3c8e-4827-a931-bd520a4ca4be', 1);
INSERT INTO producto_categorias (producto_id, categorias_id) VALUES ('c840b8a1-3c8e-4827-a931-bd520a4ca4be', 10);
INSERT INTO producto_categorias (producto_id, categorias_id) VALUES ('c840b8a1-3c8e-4827-a931-bd520a4ca4be', 8);
INSERT INTO producto_categorias (producto_id, categorias_id) VALUES ('ebae9d95-03cc-484a-8fcd-50aa2283dc89', 4);
INSERT INTO producto_categorias (producto_id, categorias_id) VALUES ('ebae9d95-03cc-484a-8fcd-50aa2283dc89', 7);
